Category,Count
phishing-alerts,695
in-the-news,647
security-alerts,267
protect-yourself,98
protect-the-u,95
newsletter,54
events,46
it-security-professionals,32
be-aware,29
viziblue,19
protect-privacy,18
michigan-medicine,14
publications,10
two-factor-authentication,7
training,6
report-it-security-incident,5
about,4
privacy,4
spg-601.27,4
crowdstrike-falcon,3
curriculum,3
library,2
media-archive-old,2
node,2
newsletter#IA%20Spotlight:%20Michael%20Knight.txt,1
personal-data,1
curriculum.txt,1
privacymichigan-0.txt,1
privacy-security-challenges-investigative-journalism.txt,1
media-archive.txt,1
six-words-about-privacy.txt,1
joy-rankin-old-raw-or-new-new-deal-digital-age.txt,1
catching-fake-news.txt,1
it-security-incident-management-guidelines-u-m-units.txt,1
nathan-freed-wessler-aclu-speech-privacy-and-technology-project.txt,1
it-security-incident-management-guidelines-u-m-units,1
protect-the-u.txt,1
why-privacy-first-approach-technology-policy-better-censorship-first-approach.txt,1
it-security-professionals.txt,1
information-assurance-capabilities#capabilities.txt,1
data-driven-world-potentials-and-pitfalls-0.txt,1
age-surveillance-capitalism.txt,1
phishing-alerts.txt,1
elections-digital-age%E2%80%94security-policy-and-law-conversation-cindy-cohn-and-alex-halderman.txt,1
conflict-cyberspace-emerging-challenges-norms.txt,1
training.txt,1
apparatuses-recognition-google-project-maven-and-targeted-killing.txt,1
challenge.txt,1
privacymichigan-2019.txt,1
sumit2013.txt,1
sumit2007.txt,1
information-security-requirements#DS15.txt,1
less-metrics-more-rando-net-art-software-research.txt,1
sumit2006.txt,1
sumit2012.txt,1
duo-two-factor-expansion-project.txt,1
whos-watching-you-multidisciplinary-panel-privacy.txt,1
about.txt,1
.txt,1
protecting-patient-privacy-big-data.txt,1
information-security-requirements#DS17.txt,1
ethical-legal-and-social-implications-genetics-and-newborn-screening-0.txt,1
cyborg-arts.txt,1
sumit2005-0.txt,1
sumit2014.txt,1
election-security-lessons-2016-2020-0.txt,1
data-privacy-and-portability-financial-technology.txt,1
economics-privacy-crossroads.txt,1
transparency.txt,1
report-it-security-incident#what.txt,1
what-does-big-tech-owe-us.txt,1
challenge,1
information-assurance-capabilities#services.txt,1
in-the-news.txt,1
privacy-reputation-and-identity-digital-age-teach-out-0.txt,1
understanding-social-implications-ai.txt,1
security-alerts.txt,1
sumit2010-0.txt,1
ethical-legal-and-social-implications-learning-health-systems.txt,1
protect-privacy.txt,1
information-security-requirements#DS22.txt,1
protect-yourself.txt,1
disrupting-democracy-how-technology-influencing-elections.txt,1
newsletter.txt,1
report-it-security-incident.txt,1
publications.txt,1
information-security-requirements.txt,1
library.txt,1
michigan-medicine.txt,1
genetics-medical-apps%E2%80%94ethics-privacy-law-and-policy.txt,1
sumit2009.txt,1
two-factor-authentication.txt,1
privacy-cybersecurity-internet-and-stakes-years-election.txt,1
.,1
apple-fbi-encryption-security-civil-liberties.txt,1
information-security-requirements#DS19.txt,1
sumit2016-0.txt,1
chelsea-manning%E2%80%94-conversation-heather-dewey-hagborg.txt,1
crowdstrike-falcon.txt,1
spg-601.27.txt,1
six-words-about-privacy,1
sumit2011-0.txt,1
how-build-safe-virtual-worlds-0.txt,1
ethical-legal-and-social-implications-learning-health-systems-0.txt,1
implementing-spg-601.27,1
sumit2008-0.txt,1
cities-will-walk-away.txt,1
privacymichigan-2018-0.txt,1
events.txt,1
viziblue.txt,1
six-words.txt,1
